{
	"credit": "Made with Blockbench",
	"texture_size": [64, 64],
	"textures": {
		"0": "./chip_3",
		"particle": "./chip_3"
	},
	"elements": [
		{
			"from": [5.2, 1.6, -1.8],
			"to": [5.8, 1.8, -1.6],
			"rotation": {"angle": 0, "axis": "y", "origin": [5.2, 1.6, -1.8]},
			"faces": {
				"north": {"uv": [6.5, 5, 8, 5.5], "texture": "#0"},
				"east": {"uv": [2, 9.5, 2.5, 10], "texture": "#0"},
				"south": {"uv": [5.5, 6.5, 7, 7], "texture": "#0"},
				"west": {"uv": [9.5, 2, 10, 2.5], "texture": "#0"},
				"up": {"uv": [8, 6, 6.5, 5.5], "texture": "#0"},
				"down": {"uv": [8, 6, 6.5, 6.5], "texture": "#0"}
			}
		},
		{
			"from": [4.2, 2.6, -1.8],
			"to": [4.4, 3.2, -1.6],
			"rotation": {"angle": 0, "axis": "y", "origin": [3.8, 2.4, -1.8]},
			"faces": {
				"north": {"uv": [7, 0, 7.5, 1.5], "texture": "#0"},
				"east": {"uv": [7, 1.5, 7.5, 3], "texture": "#0"},
				"south": {"uv": [7, 3, 7.5, 4.5], "texture": "#0"},
				"west": {"uv": [5.5, 7, 6, 8.5], "texture": "#0"},
				"up": {"uv": [3, 10, 2.5, 9.5], "texture": "#0"},
				"down": {"uv": [10, 2.5, 9.5, 3], "texture": "#0"}
			}
		},
		{
			"from": [4.4, 3.2, -1.8],
			"to": [4.6, 3.6, -1.6],
			"rotation": {"angle": 0, "axis": "y", "origin": [4.4, 3.2, -1.8]},
			"faces": {
				"north": {"uv": [8, 8, 8.5, 9], "texture": "#0"},
				"east": {"uv": [1, 8.5, 1.5, 9.5], "texture": "#0"},
				"south": {"uv": [1.5, 8.5, 2, 9.5], "texture": "#0"},
				"west": {"uv": [2, 8.5, 2.5, 9.5], "texture": "#0"},
				"up": {"uv": [3.5, 10, 3, 9.5], "texture": "#0"},
				"down": {"uv": [10, 3, 9.5, 3.5], "texture": "#0"}
			}
		},
		{
			"from": [5.8, 1.8, -1.8],
			"to": [6.2, 2, -1.6],
			"rotation": {"angle": 0, "axis": "y", "origin": [5.8, 1.8, -1.8]},
			"faces": {
				"north": {"uv": [8, 3.5, 9, 4], "texture": "#0"},
				"east": {"uv": [3.5, 9.5, 4, 10], "texture": "#0"},
				"south": {"uv": [8, 6, 9, 6.5], "texture": "#0"},
				"west": {"uv": [4, 9.5, 4.5, 10], "texture": "#0"},
				"up": {"uv": [3.5, 9, 2.5, 8.5], "texture": "#0"},
				"down": {"uv": [4.5, 8.5, 3.5, 9], "texture": "#0"}
			}
		},
		{
			"from": [4.8, 1.8, -1.8],
			"to": [5.2, 2, -1.6],
			"rotation": {"angle": 0, "axis": "y", "origin": [5, 1.8, -1.8]},
			"faces": {
				"north": {"uv": [8.5, 4.5, 9.5, 5], "texture": "#0"},
				"east": {"uv": [4.5, 9.5, 5, 10], "texture": "#0"},
				"south": {"uv": [8.5, 5, 9.5, 5.5], "texture": "#0"},
				"west": {"uv": [9.5, 4.5, 10, 5], "texture": "#0"},
				"up": {"uv": [9.5, 6, 8.5, 5.5], "texture": "#0"},
				"down": {"uv": [9.5, 6.5, 8.5, 7], "texture": "#0"}
			}
		},
		{
			"from": [4.4, 2.2, -1.8],
			"to": [4.6, 2.6, -1.6],
			"rotation": {"angle": 0, "axis": "y", "origin": [4.4, 2.2, -1.8]},
			"faces": {
				"north": {"uv": [4.5, 8.5, 5, 9.5], "texture": "#0"},
				"east": {"uv": [5.5, 8.5, 6, 9.5], "texture": "#0"},
				"south": {"uv": [8.5, 7.5, 9, 8.5], "texture": "#0"},
				"west": {"uv": [8.5, 8.5, 9, 9.5], "texture": "#0"},
				"up": {"uv": [5.5, 10, 5, 9.5], "texture": "#0"},
				"down": {"uv": [10, 5, 9.5, 5.5], "texture": "#0"}
			}
		},
		{
			"from": [4.6, 2, -1.8],
			"to": [4.8, 2.2, -1.6],
			"rotation": {"angle": 0, "axis": "y", "origin": [4.6, 2, -1.8]},
			"faces": {
				"north": {"uv": [5.5, 9.5, 6, 10], "texture": "#0"},
				"east": {"uv": [9.5, 5.5, 10, 6], "texture": "#0"},
				"south": {"uv": [6, 9.5, 6.5, 10], "texture": "#0"},
				"west": {"uv": [9.5, 6, 10, 6.5], "texture": "#0"},
				"up": {"uv": [7, 10, 6.5, 9.5], "texture": "#0"},
				"down": {"uv": [10, 6.5, 9.5, 7], "texture": "#0"}
			}
		},
		{
			"from": [5.8, 3.8, -1.8],
			"to": [6.2, 4, -1.6],
			"rotation": {"angle": 0, "axis": "y", "origin": [5.8, 3.8, -1.8]},
			"faces": {
				"north": {"uv": [0, 9, 1, 9.5], "texture": "#0"},
				"east": {"uv": [7, 9.5, 7.5, 10], "texture": "#0"},
				"south": {"uv": [9, 0, 10, 0.5], "texture": "#0"},
				"west": {"uv": [9.5, 7, 10, 7.5], "texture": "#0"},
				"up": {"uv": [10, 1, 9, 0.5], "texture": "#0"},
				"down": {"uv": [3.5, 9, 2.5, 9.5], "texture": "#0"}
			}
		},
		{
			"from": [5.2, 4, -1.8],
			"to": [5.8, 4.2, -1.6],
			"rotation": {"angle": 0, "axis": "y", "origin": [5.2, 4, -1.8]},
			"faces": {
				"north": {"uv": [6, 7, 7.5, 7.5], "texture": "#0"},
				"east": {"uv": [7.5, 9.5, 8, 10], "texture": "#0"},
				"south": {"uv": [7, 6.5, 8.5, 7], "texture": "#0"},
				"west": {"uv": [9.5, 7.5, 10, 8], "texture": "#0"},
				"up": {"uv": [9, 0.5, 7.5, 0], "texture": "#0"},
				"down": {"uv": [9, 0.5, 7.5, 1], "texture": "#0"}
			}
		},
		{
			"from": [4.8, 3.8, -1.8],
			"to": [5.2, 4, -1.6],
			"rotation": {"angle": 0, "axis": "y", "origin": [5, 3.8, -1.8]},
			"faces": {
				"north": {"uv": [3.5, 9, 4.5, 9.5], "texture": "#0"},
				"east": {"uv": [9.5, 8, 10, 8.5], "texture": "#0"},
				"south": {"uv": [9, 3.5, 10, 4], "texture": "#0"},
				"west": {"uv": [8.5, 9.5, 9, 10], "texture": "#0"},
				"up": {"uv": [10, 4.5, 9, 4], "texture": "#0"},
				"down": {"uv": [7, 9, 6, 9.5], "texture": "#0"}
			}
		},
		{
			"from": [4.6, 3.6, -1.8],
			"to": [4.8, 3.8, -1.6],
			"rotation": {"angle": 0, "axis": "y", "origin": [4.6, 3.6, -1.8]},
			"faces": {
				"north": {"uv": [9.5, 8.5, 10, 9], "texture": "#0"},
				"east": {"uv": [9.5, 9, 10, 9.5], "texture": "#0"},
				"south": {"uv": [9.5, 9.5, 10, 10], "texture": "#0"},
				"west": {"uv": [10, 0, 10.5, 0.5], "texture": "#0"},
				"up": {"uv": [10.5, 1, 10, 0.5], "texture": "#0"},
				"down": {"uv": [10.5, 1, 10, 1.5], "texture": "#0"}
			}
		},
		{
			"from": [6.2, 2, -1.8],
			"to": [6.4, 2.2, -1.6],
			"rotation": {"angle": 0, "axis": "y", "origin": [6.2, 2, -1.8]},
			"faces": {
				"north": {"uv": [1.5, 10, 2, 10.5], "texture": "#0"},
				"east": {"uv": [10, 1.5, 10.5, 2], "texture": "#0"},
				"south": {"uv": [2, 10, 2.5, 10.5], "texture": "#0"},
				"west": {"uv": [10, 2, 10.5, 2.5], "texture": "#0"},
				"up": {"uv": [3, 10.5, 2.5, 10], "texture": "#0"},
				"down": {"uv": [10.5, 2.5, 10, 3], "texture": "#0"}
			}
		},
		{
			"from": [6.4, 2.2, -1.8],
			"to": [6.6, 2.6, -1.6],
			"rotation": {"angle": 0, "axis": "y", "origin": [6.4, 2.2, -1.8]},
			"faces": {
				"north": {"uv": [9, 7, 9.5, 8], "texture": "#0"},
				"east": {"uv": [8, 9, 8.5, 10], "texture": "#0"},
				"south": {"uv": [9, 8, 9.5, 9], "texture": "#0"},
				"west": {"uv": [9, 9, 9.5, 10], "texture": "#0"},
				"up": {"uv": [3.5, 10.5, 3, 10], "texture": "#0"},
				"down": {"uv": [10.5, 3, 10, 3.5], "texture": "#0"}
			}
		},
		{
			"from": [6.6, 2.6, -1.8],
			"to": [6.8, 3.2, -1.6],
			"rotation": {"angle": 0, "axis": "y", "origin": [6.2, 2.4, -1.8]},
			"faces": {
				"north": {"uv": [7.5, 1, 8, 2.5], "texture": "#0"},
				"east": {"uv": [7.5, 2.5, 8, 4], "texture": "#0"},
				"south": {"uv": [6, 7.5, 6.5, 9], "texture": "#0"},
				"west": {"uv": [6.5, 7.5, 7, 9], "texture": "#0"},
				"up": {"uv": [4, 10.5, 3.5, 10], "texture": "#0"},
				"down": {"uv": [10.5, 3.5, 10, 4], "texture": "#0"}
			}
		},
		{
			"from": [6.4, 3.2, -1.8],
			"to": [6.6, 3.6, -1.6],
			"rotation": {"angle": 0, "axis": "y", "origin": [6.4, 3.2, -1.8]},
			"faces": {
				"north": {"uv": [0, 9.5, 0.5, 10.5], "texture": "#0"},
				"east": {"uv": [0.5, 9.5, 1, 10.5], "texture": "#0"},
				"south": {"uv": [1, 9.5, 1.5, 10.5], "texture": "#0"},
				"west": {"uv": [9.5, 1, 10, 2], "texture": "#0"},
				"up": {"uv": [4.5, 10.5, 4, 10], "texture": "#0"},
				"down": {"uv": [10.5, 4, 10, 4.5], "texture": "#0"}
			}
		},
		{
			"from": [6.2, 3.6, -1.8],
			"to": [6.4, 3.8, -1.6],
			"rotation": {"angle": 0, "axis": "y", "origin": [6.2, 3.6, -1.8]},
			"faces": {
				"north": {"uv": [4.5, 10, 5, 10.5], "texture": "#0"},
				"east": {"uv": [10, 4.5, 10.5, 5], "texture": "#0"},
				"south": {"uv": [5, 10, 5.5, 10.5], "texture": "#0"},
				"west": {"uv": [10, 5, 10.5, 5.5], "texture": "#0"},
				"up": {"uv": [6, 10.5, 5.5, 10], "texture": "#0"},
				"down": {"uv": [10.5, 5.5, 10, 6], "texture": "#0"}
			}
		},
		{
			"from": [4.8, 2, -1.8],
			"to": [6.2, 3.8, -1.6],
			"rotation": {"angle": 0, "axis": "y", "origin": [6, 2, -1.8]},
			"faces": {
				"north": {"uv": [0, 0, 3.5, 4.5], "texture": "#0"},
				"east": {"uv": [0, 4.5, 0.5, 9], "texture": "#0"},
				"south": {"uv": [3.5, 0, 7, 4.5], "texture": "#0"},
				"west": {"uv": [0.5, 4.5, 1, 9], "texture": "#0"},
				"up": {"uv": [4.5, 5, 1, 4.5], "texture": "#0"},
				"down": {"uv": [8, 4.5, 4.5, 5], "texture": "#0"}
			}
		},
		{
			"from": [4.6, 2.2, -1.8],
			"to": [4.8, 3.6, -1.6],
			"rotation": {"angle": 0, "axis": "y", "origin": [5.2, 2, -1.8]},
			"faces": {
				"north": {"uv": [1, 5, 1.5, 8.5], "texture": "#0"},
				"east": {"uv": [1.5, 5, 2, 8.5], "texture": "#0"},
				"south": {"uv": [2, 5, 2.5, 8.5], "texture": "#0"},
				"west": {"uv": [2.5, 5, 3, 8.5], "texture": "#0"},
				"up": {"uv": [6.5, 10.5, 6, 10], "texture": "#0"},
				"down": {"uv": [10.5, 6, 10, 6.5], "texture": "#0"}
			}
		},
		{
			"from": [6.2, 2.2, -1.8],
			"to": [6.4, 3.6, -1.6],
			"rotation": {"angle": 0, "axis": "y", "origin": [6.8, 2, -1.8]},
			"faces": {
				"north": {"uv": [3, 5, 3.5, 8.5], "texture": "#0"},
				"east": {"uv": [3.5, 5, 4, 8.5], "texture": "#0"},
				"south": {"uv": [4, 5, 4.5, 8.5], "texture": "#0"},
				"west": {"uv": [4.5, 5, 5, 8.5], "texture": "#0"},
				"up": {"uv": [7, 10.5, 6.5, 10], "texture": "#0"},
				"down": {"uv": [10.5, 6.5, 10, 7], "texture": "#0"}
			}
		},
		{
			"from": [5.2, 1.8, -1.8],
			"to": [5.8, 2, -1.6],
			"rotation": {"angle": 0, "axis": "y", "origin": [5.2, 1.8, -1.8]},
			"faces": {
				"north": {"uv": [7.5, 4, 9, 4.5], "texture": "#0"},
				"east": {"uv": [7, 10, 7.5, 10.5], "texture": "#0"},
				"south": {"uv": [7, 7.5, 8.5, 8], "texture": "#0"},
				"west": {"uv": [10, 7, 10.5, 7.5], "texture": "#0"},
				"up": {"uv": [9, 7.5, 7.5, 7], "texture": "#0"},
				"down": {"uv": [9.5, 1, 8, 1.5], "texture": "#0"}
			}
		},
		{
			"from": [5.2, 3.8, -1.8],
			"to": [5.8, 4, -1.6],
			"rotation": {"angle": 0, "axis": "y", "origin": [5.2, 3.8, -1.8]},
			"faces": {
				"north": {"uv": [8, 1.5, 9.5, 2], "texture": "#0"},
				"east": {"uv": [7.5, 10, 8, 10.5], "texture": "#0"},
				"south": {"uv": [8, 2, 9.5, 2.5], "texture": "#0"},
				"west": {"uv": [10, 7.5, 10.5, 8], "texture": "#0"},
				"up": {"uv": [9.5, 3, 8, 2.5], "texture": "#0"},
				"down": {"uv": [9.5, 3, 8, 3.5], "texture": "#0"}
			}
		},
		{
			"from": [4.4, 2.6, -1.8],
			"to": [4.6, 3.2, -1.6],
			"rotation": {"angle": 0, "axis": "y", "origin": [4.6, 2.6, -1.8]},
			"faces": {
				"north": {"uv": [8, 4.5, 8.5, 6], "texture": "#0"},
				"east": {"uv": [5, 8, 5.5, 9.5], "texture": "#0"},
				"south": {"uv": [7, 8, 7.5, 9.5], "texture": "#0"},
				"west": {"uv": [7.5, 8, 8, 9.5], "texture": "#0"},
				"up": {"uv": [8.5, 10.5, 8, 10], "texture": "#0"},
				"down": {"uv": [10.5, 8, 10, 8.5], "texture": "#0"}
			}
		},
		{
			"from": [6.4, 2.6, -1.8],
			"to": [6.6, 3.2, -1.6],
			"rotation": {"angle": 0, "axis": "y", "origin": [6.6, 2.6, -1.8]},
			"faces": {
				"north": {"uv": [5, 5, 5.5, 6.5], "texture": "#0"},
				"east": {"uv": [5.5, 5, 6, 6.5], "texture": "#0"},
				"south": {"uv": [6, 5, 6.5, 6.5], "texture": "#0"},
				"west": {"uv": [5, 6.5, 5.5, 8], "texture": "#0"},
				"up": {"uv": [9.5, 6.5, 9, 6], "texture": "#0"},
				"down": {"uv": [2, 9.5, 1.5, 10], "texture": "#0"}
			}
		}
	],
	"display": {
		"thirdperson_righthand": {
			"translation": [2.5, 6, 10.5]
		},
		"thirdperson_lefthand": {
			"translation": [-2.5, 6, 10.5]
		},
		"firstperson_righthand": {
			"rotation": [0, -90, 25],
			"translation": [-15.37, 15.2, -17.25],
			"scale": [3.9, 3.9, 3.9]
		},
		"firstperson_lefthand": {
			"rotation": [0, -90, 25],
			"translation": [-10.38, 4.2, -40],
			"scale": [4, 4, 4]
		},
		"ground": {
			"translation": [1.5, 5, 8.5]
		},
		"gui": {
			"translation": [8.5, 18, 25],
			"scale": [3.5, 3.5, 1]
		},
		"head": {
			"translation": [0, -42.25, 0]
		},
		"fixed": {
			"translation": [9.25, 18, 29.75],
			"scale": [3.5, 3.5, 3]
		}
	},
	"groups": [
		{
			"name": "Chip",
			"origin": [0, 6, 6],
			"color": 0,
			"children": []
		},
		0,
		1,
		2,
		3,
		4,
		5,
		6,
		7,
		8,
		9,
		10,
		11,
		12,
		13,
		14,
		15,
		16,
		17,
		18,
		19,
		20,
		21,
		22
	]
}